<?xml version="1.0" encoding="UTF-8"?>
<project-private xmlns="http://www.netbeans.org/ns/project-private/1">
    <editor-bookmarks xmlns="http://www.netbeans.org/ns/editor-bookmarks/2" lastBookmarkId="0"/>
    <open-files xmlns="http://www.netbeans.org/ns/projectui-open-files/2">
        <group>
            <file>file:/C:/Users/dougf/Projetos/Revendedora/src/revendedora/Revendedora.java</file>
            <file>file:/C:/Users/dougf/Projetos/Revendedora/src/modelos/Cliente.java</file>
            <file>file:/C:/Users/dougf/Projetos/Revendedora/src/modelos/Vendedor.java</file>
            <file>file:/C:/Users/dougf/Projetos/Revendedora/src/modelos/Carro.java</file>
            <file>file:/C:/Users/dougf/Projetos/Revendedora/src/modelos/Venda.java</file>
        </group>
    </open-files>
</project-private>
